Workbook
Name GO_Date: Dashboard!$A$2
Name CRM_AccountIDs: CRM!$A:$A
Name CRM_Stages: CRM!$R:$R
Name CRM_PilotInterest: CRM!$Z:$Z
Name CRM_NextActionDate: CRM!$Q:$Q
Name CRM_DiscoveryCallDate: CRM!$S:$S
Name CRM_FirstOutreachDate: CRM!$K:$K
Name Pipeline_Stages: Pipeline!$E:$E
Name Pipeline_EntryDate: Pipeline!$F:$F
Name Pipeline_AccountIDs: Pipeline!$A:$A
Name LOI_Status: LOI!$I:$I
Name LOI_PilotStatus: LOI!$K:$K
Name LOI_IssuedDate: LOI!$F:$F
Name LOI_AccountIDs: LOI!$B:$B
Name LOI_DaysSinceIssued: LOI!$Q:$Q
Name Pipeline_KillCriterionCount: Pipeline!$B$12

Sheet Dashboard
A1: TAJRIBTI · MEOS v1 · FOUNDER DASHBOARD · Track 0
C2: =A2+59 | E2: Kill Criterion: 5 interested companies (Stage 2+) | H2: Budget: $15,000–$25,000 | J2: Sprint Owner: Founder / CEO
A4: Day # | B4: Date | C4: Accounts Contacted (Cumul.) | D4: Discovery Calls Booked | E4: Discovery Calls Completed | F4: Brands in Pipeline (Stage 2+) | G4: LOIs Issued | H4: LOIs Signed | I4: Pilots Signed | J4: Kill Criterion Status | K4: Today's #1 Priority | L4: Blockers | M4: Notes
A5: =IF(B5="","",B5-$A$2+1) | B5: =A2 | C5: 0 | D5: 0 | E5: 0 | F5: 0 | G5: 0 | H5: 0 | I5: 0 | J5: ❌ Not Met
A6: =IF(B6="","",B6-$A$2+1) | B6: =B5+1
A7: =IF(B7="","",B7-$A$2+1) | B7: =B6+1
A8: =IF(B8="","",B8-$A$2+1) | B8: =B7+1
A9: =IF(B9="","",B9-$A$2+1) | B9: =B8+1
A10: =IF(B10="","",B10-$A$2+1) | B10: =B9+1
A11: =IF(B11="","",B11-$A$2+1) | B11: =B10+1
A12: =IF(B12="","",B12-$A$2+1) | B12: =B11+1
A13: =IF(B13="","",B13-$A$2+1) | B13: =B12+1
A14: =IF(B14="","",B14-$A$2+1) | B14: =B13+1
A15: =IF(B15="","",B15-$A$2+1) | B15: =B14+1
A16: =IF(B16="","",B16-$A$2+1) | B16: =B15+1
A17: =IF(B17="","",B17-$A$2+1) | B17: =B16+1
... A64: =IF(B64="","",B64-$A$2+1) | B64: =B63+1
A66: LIVE SPRINT STATUS
A67: Accounts Contacted | C67: =COUNTIF(CRM!K2:K1000,"<>")
A68: Discovery Calls Booked | C68: =COUNTIF(CRM!R2:R1000,"Stage 2")+COUNTIF(CRM!R2:R1000,"Stage 3")+COUNTIF(CRM!R2:R1000,"Stage 4")+COUNTIF(CRM!R2:R1000,"Stage 5")+COUNTIF(CRM!R2:R1000,"Stage 6")
A69: Discovery Calls Completed | C69: =COUNTIF(CRM!S2:S1000,"<>")
A70: Brands in Pipeline (Stage 2+) | C70: =COUNTIF(Pipeline!E15:E1000,"Stage 2")+COUNTIF(Pipeline!E15:E1000,"Stage 3")+COUNTIF(Pipeline!E15:E1000,"Stage 4")+COUNTIF(Pipeline!E15:E1000,"Stage 5")+COUNTIF(Pipeline!E15:E1000,"Stage 6")
A71: LOIs Issued | C71: =COUNTA(LOI!A5:A1000)
A72: LOIs Signed | C72: =COUNTIF(LOI!I5:I1000,"✅ Signed")
A73: Pilots Signed | C73: =COUNTIF(LOI!K5:K1000,"✅ Signed")
A74: Kill Criterion Status | C74: =IF(COUNTIF(Pipeline!E15:E1000,"Stage 2")+COUNTIF(Pipeline!E15:E1000,"Stage 3")+COUNTIF(Pipeline!E15:E1000,"Stage 4")+COUNTIF(Pipeline!E15:E1000,"Stage 5")+COUNTIF(Pipeline!E15:E1000,"Stage 6")>=5,"✅ Met",IF(COUNTIF(Pipeline!E15:E1000,"Stage 2")+COUNTIF(Pipeline!E15:E1000,"Stage 3")+COUNTIF(Pipeline!E15:E1000,"Stage 4")+COUNTIF(Pipeline!E15:E1000,"Stage 5")+COUNTIF(Pipeline!E15:E1000,"Stage 6")>=3,"⚠️ Approaching","❌ Not Met"))
A75: Today's Date | C75: =TODAY()
A76: Sprint Day | C76: =TODAY()-$A$2+1
A77: Days Remaining | C77: =$C$2-TODAY()

Sheet CRM
A1: Account ID | B1: Company Name | C1: Category | D1: Priority Tier | E1: Primary Contact Name | F1: Primary Contact Title | G1: Primary Contact LinkedIn | H1: Primary Contact Email | I1: Relationship Source | J1: Warm Intro Provider | K1: First Outreach Date | L1: First Outreach Channel | M1: Last Touchpoint Date | N1: Last Touchpoint Type | O1: Last Touchpoint Notes | P1: Next Action | Q1: Next Action Date | R1: CRM Stage | S1: Discovery Call Date | T1: Discovery Call Outcome | U1: Objection | V1: Objection Response | W1: Decision-Maker Identified | X1: Decision-Maker Name | Y1: Campaign Budget Signal | Z1: Pilot Interest Level | AA1: Account Owner Notes | AB1: Contact 2 Name | AC1: Contact 2 Title | AD1: Contact 2 LinkedIn | AE1: Days Since Last Touch | AF1: Overdue Next Action | AG1: Stage Sync Check
A2: BRD-001 | B2: Procter & Gamble Egypt | C2: Personal Care | D2: Tier 1 | R2: Stage 0 | Z2: Cold | AE2: =IF(M2="","",TODAY()-M2) | AF2: =IF(Q2="","",IF(AND(Q2<TODAY(),R2<>"Stage X",R2<>"Stage 6"),"⚠️ OVERDUE","")) | AG2: =IF(A2="","",IF(R2=IFERROR(VLOOKUP(A2,Pipeline!$A:$E,5,FALSE),""),"✓","⚠️ SYNC ERROR"))
A3: BRD-002 | B3: Unilever Egypt | C3: Personal Care | D3: Tier 1 | R3: Stage 0 | Z3: Cold | AE3: =IF(M3="","",TODAY()-M3) | AF3: =IF(Q3="","",IF(AND(Q3<TODAY(),R3<>"Stage X",R3<>"Stage 6"),"⚠️ OVERDUE","")) | AG3: =IF(A3="","",IF(R3=IFERROR(VLOOKUP(A3,Pipeline!$A:$E,5,FALSE),""),"✓","⚠️ SYNC ERROR"))
A4: BRD-003 | B4: Nestlé Egypt | C4: Food | D4: Tier 1 | R4: Stage 0 | Z4: Cold | AE4: =IF(M4="","",TODAY()-M4) | AF4: =IF(Q4="","",IF(AND(Q4<TODAY(),R4<>"Stage X",R4<>"Stage 6"),"⚠️ OVERDUE","")) | AG4: =IF(A4="","",IF(R4=IFERROR(VLOOKUP(A4,Pipeline!$A:$E,5,FALSE),""),"✓","⚠️ SYNC ERROR"))
A5: BRD-004 | B5: PepsiCo Egypt | C5: Beverage | D5: Tier 1 | R5: Stage 0 | Z5: Cold | AE5: =IF(M5="","",TODAY()-M5) | AF5: =IF(Q5="","",IF(AND(Q5<TODAY(),R5<>"Stage X",R5<>"Stage 6"),"⚠️ OVERDUE","")) | AG5: =IF(A5="","",IF(R5=IFERROR(VLOOKUP(A5,Pipeline!$A:$E,5,FALSE),""),"✓","⚠️ SYNC ERROR"))
A6: BRD-005 | B6: Coca-Cola Egypt | C6: Beverage | D6: Tier 1 | R6: Stage 0 | Z6: Cold | AE6: =IF(M6="","",TODAY()-M6) | AF6: =IF(Q6="","",IF(AND(Q6<TODAY(),R6<>"Stage X",R6<>"Stage 6"),"⚠️ OVERDUE","")) | AG6: =IF(A6="","",IF(R6=IFERROR(VLOOKUP(A6,Pipeline!$A:$E,5,FALSE),""),"✓","⚠️ SYNC ERROR"))
A7: BRD-006 | B7: Johnson & Johnson Egypt | C7: Pharma-OTC | D7: Tier 1 | R7: Stage 0 | Z7: Cold | AE7: =IF(M7="","",TODAY()-M7) | AF7: =IF(Q7="","",IF(AND(Q7<TODAY(),R7<>"Stage X",R7<>"Stage 6"),"⚠️ OVERDUE","")) | AG7: =IF(A7="","",IF(R7=IFERROR(VLOOKUP(A7,Pipeline!$A:$E,5,FALSE),""),"✓","⚠️ SYNC ERROR"))
A8: BRD-007 | B8: L'Oréal Egypt | C8: Beauty | D8: Tier 1 | R8: Stage 0 | Z8: Cold | AE8: =IF(M8="","",TODAY()-M8) | AF8: =IF(Q8="","",IF(AND(Q8<TODAY(),R8<>"Stage X",R8<>"Stage 6"),"⚠️ OVERDUE","")) | AG8: =IF(A8="","",IF(R8=IFERROR(VLOOKUP(A8,Pipeline!$A:$E,5,FALSE),""),"✓","⚠️ SYNC ERROR"))
A9: BRD-008 | B9: Dabur Egypt | C9: Food | D9: Tier 2 | R9: Stage 0 | Z9: Cold | AE9: =IF(M9="","",TODAY()-M9) | AF9: =IF(Q9="","",IF(AND(Q9<TODAY(),R9<>"Stage X",R9<>"Stage 6"),"⚠️ OVERDUE","")) | AG9: =IF(A9="","",IF(R9=IFERROR(VLOOKUP(A9,Pipeline!$A:$E,5,FALSE),""),"✓","⚠️ SYNC ERROR"))
A10: BRD-009 | B10: Hana Group | C10: Beauty | D10: Tier 2 | R10: Stage 0 | Z10: Cold | AE10: =IF(M10="","",TODAY()-M10) | AF10: =IF(Q10="","",IF(AND(Q10<TODAY(),R10<>"Stage X",R10<>"Stage 6"),"⚠️ OVERDUE","")) | AG10: =IF(A10="","",IF(R10=IFERROR(VLOOKUP(A10,Pipeline!$A:$E,5,FALSE),""),"✓","⚠️ SYNC ERROR"))
A11: BRD-010 | B11: OLA (Chipsy) Egypt | C11: Snacks | D11: Tier 2 | R11: Stage 0 | Z11: Cold | AE11: =IF(M11="","",TODAY()-M11) | AF11: =IF(Q11="","",IF(AND(Q11<TODAY(),R11<>"Stage X",R11<>"Stage 6"),"⚠️ OVERDUE","")) | AG11: =IF(A11="","",IF(R11=IFERROR(VLOOKUP(A11,Pipeline!$A:$E,5,FALSE),""),"✓","⚠️ SYNC ERROR"))
A12: BRD-011 | B12: El-Rashidi El-Mizan | C12: FMCG | D12: Tier 2 | R12: Stage 0 | Z12: Cold | AE12: =IF(M12="","",TODAY()-M12) | AF12: =IF(Q12="","",IF(AND(Q12<TODAY(),R12<>"Stage X",R12<>"Stage 6"),"⚠️ OVERDUE","")) | AG12: =IF(A12="","",IF(R12=IFERROR(VLOOKUP(A12,Pipeline!$A:$E,5,FALSE),""),"✓","⚠️ SYNC ERROR"))
A13: BRD-012 | B13: Fine Egypt | C13: Home Care | D13: Tier 2 | R13: Stage 0 | Z13: Cold | AE13: =IF(M13="","",TODAY()-M13) | AF13: =IF(Q13="","",IF(AND(Q13<TODAY(),R13<>"Stage X",R13<>"Stage 6"),"⚠️ OVERDUE","")) | AG13: =IF(A13="","",IF(R13=IFERROR(VLOOKUP(A13,Pipeline!$A:$E,5,FALSE),""),"✓","⚠️ SYNC ERROR"))
... A15: BRD-014 | B15: Lactel Egypt | C15: Dairy | D15: Tier 3 | R15: Stage 0 | Z15: Cold | AE15: =IF(M15="","",TODAY()-M15) | AF15: =IF(Q15="","",IF(AND(Q15<TODAY(),R15<>"Stage X",R15<>"Stage 6"),"⚠️ OVERDUE","")) | AG15: =IF(A15="","",IF(R15=IFERROR(VLOOKUP(A15,Pipeline!$A:$E,5,FALSE),""),"✓","⚠️ SYNC ERROR"))
AE16: =IF(M16="","",TODAY()-M16) | AF16: =IF(Q16="","",IF(AND(Q16<TODAY(),R16<>"Stage X",R16<>"Stage 6"),"⚠️ OVERDUE","")) | AG16: =IF(A16="","",IF(R16=IFERROR(VLOOKUP(A16,Pipeline!$A:$E,5,FALSE),""),"✓","⚠️ SYNC ERROR"))
AE17: =IF(M17="","",TODAY()-M17) | AF17: =IF(Q17="","",IF(AND(Q17<TODAY(),R17<>"Stage X",R17<>"Stage 6"),"⚠️ OVERDUE","")) | AG17: =IF(A17="","",IF(R17=IFERROR(VLOOKUP(A17,Pipeline!$A:$E,5,FALSE),""),"✓","⚠️ SYNC ERROR"))
AE18: =IF(M18="","",TODAY()-M18) | AF18: =IF(Q18="","",IF(AND(Q18<TODAY(),R18<>"Stage X",R18<>"Stage 6"),"⚠️ OVERDUE","")) | AG18: =IF(A18="","",IF(R18=IFERROR(VLOOKUP(A18,Pipeline!$A:$E,5,FALSE),""),"✓","⚠️ SYNC ERROR"))
AE19: =IF(M19="","",TODAY()-M19) | AF19: =IF(Q19="","",IF(AND(Q19<TODAY(),R19<>"Stage X",R19<>"Stage 6"),"⚠️ OVERDUE","")) | AG19: =IF(A19="","",IF(R19=IFERROR(VLOOKUP(A19,Pipeline!$A:$E,5,FALSE),""),"✓","⚠️ SYNC ERROR"))
AE20: =IF(M20="","",TODAY()-M20) | AF20: =IF(Q20="","",IF(AND(Q20<TODAY(),R20<>"Stage X",R20<>"Stage 6"),"⚠️ OVERDUE","")) | AG20: =IF(A20="","",IF(R20=IFERROR(VLOOKUP(A20,Pipeline!$A:$E,5,FALSE),""),"✓","⚠️ SYNC ERROR"))
AE21: =IF(M21="","",TODAY()-M21) | AF21: =IF(Q21="","",IF(AND(Q21<TODAY(),R21<>"Stage X",R21<>"Stage 6"),"⚠️ OVERDUE","")) | AG21: =IF(A21="","",IF(R21=IFERROR(VLOOKUP(A21,Pipeline!$A:$E,5,FALSE),""),"✓","⚠️ SYNC ERROR"))
AE22: =IF(M22="","",TODAY()-M22) | AF22: =IF(Q22="","",IF(AND(Q22<TODAY(),R22<>"Stage X",R22<>"Stage 6"),"⚠️ OVERDUE","")) | AG22: =IF(A22="","",IF(R22=IFERROR(VLOOKUP(A22,Pipeline!$A:$E,5,FALSE),""),"✓","⚠️ SYNC ERROR"))
AE23: =IF(M23="","",TODAY()-M23) | AF23: =IF(Q23="","",IF(AND(Q23<TODAY(),R23<>"Stage X",R23<>"Stage 6"),"⚠️ OVERDUE","")) | AG23: =IF(A23="","",IF(R23=IFERROR(VLOOKUP(A23,Pipeline!$A:$E,5,FALSE),""),"✓","⚠️ SYNC ERROR"))
AE24: =IF(M24="","",TODAY()-M24) | AF24: =IF(Q24="","",IF(AND(Q24<TODAY(),R24<>"Stage X",R24<>"Stage 6"),"⚠️ OVERDUE","")) | AG24: =IF(A24="","",IF(R24=IFERROR(VLOOKUP(A24,Pipeline!$A:$E,5,FALSE),""),"✓","⚠️ SYNC ERROR"))
AE25: =IF(M25="","",TODAY()-M25) | AF25: =IF(Q25="","",IF(AND(Q25<TODAY(),R25<>"Stage X",R25<>"Stage 6"),"⚠️ OVERDUE","")) | AG25: =IF(A25="","",IF(R25=IFERROR(VLOOKUP(A25,Pipeline!$A:$E,5,FALSE),""),"✓","⚠️ SYNC ERROR"))
AE26: =IF(M26="","",TODAY()-M26) | AF26: =IF(Q26="","",IF(AND(Q26<TODAY(),R26<>"Stage X",R26<>"Stage 6"),"⚠️ OVERDUE","")) | AG26: =IF(A26="","",IF(R26=IFERROR(VLOOKUP(A26,Pipeline!$A:$E,5,FALSE),""),"✓","⚠️ SYNC ERROR"))
AE27: =IF(M27="","",TODAY()-M27) | AF27: =IF(Q27="","",IF(AND(Q27<TODAY(),R27<>"Stage X",R27<>"Stage 6"),"⚠️ OVERDUE","")) | AG27: =IF(A27="","",IF(R27=IFERROR(VLOOKUP(A27,Pipeline!$A:$E,5,FALSE),""),"✓","⚠️ SYNC ERROR"))
... AE201: =IF(M201="","",TODAY()-M201) | AF201: =IF(Q201="","",IF(AND(Q201<TODAY(),R201<>"Stage X",R201<>"Stage 6"),"⚠️ OVERDUE","")) | AG201: =IF(A201="","",IF(R201=IFERROR(VLOOKUP(A201,Pipeline!$A:$E,5,FALSE),""),"✓","⚠️ SYNC ERROR"))

Sheet Pipeline
A1: TAJRIBTI · BRAND PIPELINE · Track 0
A2: PIPELINE HEALTH — LIVE COUNTS
A3: Stage 0 — Identified | B3: =COUNTIF(E15:E500,"Stage 0") | D3: Total Accounts | E3: =COUNTA(A15:A500)
A4: Stage 1 — Contacted | B4: =COUNTIF(E15:E500,"Stage 1") | D4: Active Accounts | E4: =COUNTIF(E15:E500,"Stage 0")+COUNTIF(E15:E500,"Stage 1")+COUNTIF(E15:E500,"Stage 2")+COUNTIF(E15:E500,"Stage 3")+COUNTIF(E15:E500,"Stage 4")+COUNTIF(E15:E500,"Stage 5")
A5: Stage 2 — Engaged | B5: =COUNTIF(E15:E500,"Stage 2") | D5: Kill Criterion Target | E5: 5 | F5: =IF(B12>=5,"✅ YES","❌ NO — "&(5-B12)&" more needed")
A6: Stage 3 — Discovery | B6: =COUNTIF(E15:E500,"Stage 3")
A7: Stage 4 — Proposal | B7: =COUNTIF(E15:E500,"Stage 4")
A8: Stage 5 — LOI | B8: =COUNTIF(E15:E500,"Stage 5")
A9: Stage 6 — Pilot Signed | B9: =COUNTIF(E15:E500,"Stage 6")
A10: Stage X — Dead | B10: =COUNTIF(E15:E500,"Stage X")
A11: —
A12: KILL CRITERION COUNT (Stage 2+) | B12: =COUNTIF(E15:E500,"Stage 2")+COUNTIF(E15:E500,"Stage 3")+COUNTIF(E15:E500,"Stage 4")+COUNTIF(E15:E500,"Stage 5")+COUNTIF(E15:E500,"Stage 6")
A14: Account ID | B14: Company Name | C14: Category | D14: Priority Tier | E14: Current Stage | F14: Stage Entry Date | G14: Days in Stage | H14: Stage Age Flag | I14: Last Moved | J14: Notes
A15: BRD-001 | B15: Procter & Gamble Egypt | C15: Personal Care | D15: Tier 1 | E15: Stage 0 | G15: =IF(F15="","",TODAY()-F15) | H15: =IF(OR(E15="Stage X",E15="Stage 6",E15="",F15=""),"—",IF(AND(G15>14,OR(E15="Stage 1",E15="Stage 2",E15="Stage 3",E15="Stage 4")),"🔴 AGED",IF(AND(G15>7,OR(E15="Stage 2",E15="Stage 3",E15="Stage 4")),"🟡 WATCH","—")))
A16: BRD-002 | B16: Unilever Egypt | C16: Personal Care | D16: Tier 1 | E16: Stage 0 | G16: =IF(F16="","",TODAY()-F16) | H16: =IF(OR(E16="Stage X",E16="Stage 6",E16="",F16=""),"—",IF(AND(G16>14,OR(E16="Stage 1",E16="Stage 2",E16="Stage 3",E16="Stage 4")),"🔴 AGED",IF(AND(G16>7,OR(E16="Stage 2",E16="Stage 3",E16="Stage 4")),"🟡 WATCH","—")))
A17: BRD-003 | B17: Nestlé Egypt | C17: Food | D17: Tier 1 | E17: Stage 0 | G17: =IF(F17="","",TODAY()-F17) | H17: =IF(OR(E17="Stage X",E17="Stage 6",E17="",F17=""),"—",IF(AND(G17>14,OR(E17="Stage 1",E17="Stage 2",E17="Stage 3",E17="Stage 4")),"🔴 AGED",IF(AND(G17>7,OR(E17="Stage 2",E17="Stage 3",E17="Stage 4")),"🟡 WATCH","—")))
A18: BRD-004 | B18: PepsiCo Egypt | C18: Beverage | D18: Tier 1 | E18: Stage 0 | G18: =IF(F18="","",TODAY()-F18) | H18: =IF(OR(E18="Stage X",E18="Stage 6",E18="",F18=""),"—",IF(AND(G18>14,OR(E18="Stage 1",E18="Stage 2",E18="Stage 3",E18="Stage 4")),"🔴 AGED",IF(AND(G18>7,OR(E18="Stage 2",E18="Stage 3",E18="Stage 4")),"🟡 WATCH","—")))
A19: BRD-005 | B19: Coca-Cola Egypt | C19: Beverage | D19: Tier 1 | E19: Stage 0 | G19: =IF(F19="","",TODAY()-F19) | H19: =IF(OR(E19="Stage X",E19="Stage 6",E19="",F19=""),"—",IF(AND(G19>14,OR(E19="Stage 1",E19="Stage 2",E19="Stage 3",E19="Stage 4")),"🔴 AGED",IF(AND(G19>7,OR(E19="Stage 2",E19="Stage 3",E19="Stage 4")),"🟡 WATCH","—")))
A20: BRD-006 | B20: Johnson & Johnson Egypt | C20: Pharma-OTC | D20: Tier 1 | E20: Stage 0 | G20: =IF(F20="","",TODAY()-F20) | H20: =IF(OR(E20="Stage X",E20="Stage 6",E20="",F20=""),"—",IF(AND(G20>14,OR(E20="Stage 1",E20="Stage 2",E20="Stage 3",E20="Stage 4")),"🔴 AGED",IF(AND(G20>7,OR(E20="Stage 2",E20="Stage 3",E20="Stage 4")),"🟡 WATCH","—")))
A21: BRD-007 | B21: L'Oréal Egypt | C21: Beauty | D21: Tier 1 | E21: Stage 0 | G21: =IF(F21="","",TODAY()-F21) | H21: =IF(OR(E21="Stage X",E21="Stage 6",E21="",F21=""),"—",IF(AND(G21>14,OR(E21="Stage 1",E21="Stage 2",E21="Stage 3",E21="Stage 4")),"🔴 AGED",IF(AND(G21>7,OR(E21="Stage 2",E21="Stage 3",E21="Stage 4")),"🟡 WATCH","—")))
A22: BRD-008 | B22: Dabur Egypt | C22: Food | D22: Tier 2 | E22: Stage 0 | G22: =IF(F22="","",TODAY()-F22) | H22: =IF(OR(E22="Stage X",E22="Stage 6",E22="",F22=""),"—",IF(AND(G22>14,OR(E22="Stage 1",E22="Stage 2",E22="Stage 3",E22="Stage 4")),"🔴 AGED",IF(AND(G22>7,OR(E22="Stage 2",E22="Stage 3",E22="Stage 4")),"🟡 WATCH","—")))
A23: BRD-009 | B23: Hana Group | C23: Beauty | D23: Tier 2 | E23: Stage 0 | G23: =IF(F23="","",TODAY()-F23) | H23: =IF(OR(E23="Stage X",E23="Stage 6",E23="",F23=""),"—",IF(AND(G23>14,OR(E23="Stage 1",E23="Stage 2",E23="Stage 3",E23="Stage 4")),"🔴 AGED",IF(AND(G23>7,OR(E23="Stage 2",E23="Stage 3",E23="Stage 4")),"🟡 WATCH","—")))
A24: BRD-010 | B24: OLA (Chipsy) Egypt | C24: Snacks | D24: Tier 2 | E24: Stage 0 | G24: =IF(F24="","",TODAY()-F24) | H24: =IF(OR(E24="Stage X",E24="Stage 6",E24="",F24=""),"—",IF(AND(G24>14,OR(E24="Stage 1",E24="Stage 2",E24="Stage 3",E24="Stage 4")),"🔴 AGED",IF(AND(G24>7,OR(E24="Stage 2",E24="Stage 3",E24="Stage 4")),"🟡 WATCH","—")))
A25: BRD-011 | B25: El-Rashidi El-Mizan | C25: FMCG | D25: Tier 2 | E25: Stage 0 | G25: =IF(F25="","",TODAY()-F25) | H25: =IF(OR(E25="Stage X",E25="Stage 6",E25="",F25=""),"—",IF(AND(G25>14,OR(E25="Stage 1",E25="Stage 2",E25="Stage 3",E25="Stage 4")),"🔴 AGED",IF(AND(G25>7,OR(E25="Stage 2",E25="Stage 3",E25="Stage 4")),"🟡 WATCH","—")))
A26: BRD-012 | B26: Fine Egypt | C26: Home Care | D26: Tier 2 | E26: Stage 0 | G26: =IF(F26="","",TODAY()-F26) | H26: =IF(OR(E26="Stage X",E26="Stage 6",E26="",F26=""),"—",IF(AND(G26>14,OR(E26="Stage 1",E26="Stage 2",E26="Stage 3",E26="Stage 4")),"🔴 AGED",IF(AND(G26>7,OR(E26="Stage 2",E26="Stage 3",E26="Stage 4")),"🟡 WATCH","—")))
... A28: BRD-014 | B28: Lactel Egypt | C28: Dairy | D28: Tier 3 | E28: Stage 0 | G28: =IF(F28="","",TODAY()-F28) | H28: =IF(OR(E28="Stage X",E28="Stage 6",E28="",F28=""),"—",IF(AND(G28>14,OR(E28="Stage 1",E28="Stage 2",E28="Stage 3",E28="Stage 4")),"🔴 AGED",IF(AND(G28>7,OR(E28="Stage 2",E28="Stage 3",E28="Stage 4")),"🟡 WATCH","—")))
G29: =IF(F29="","",TODAY()-F29) | H29: =IF(OR(E29="Stage X",E29="Stage 6",E29="",F29=""),"—",IF(AND(G29>14,OR(E29="Stage 1",E29="Stage 2",E29="Stage 3",E29="Stage 4")),"🔴 AGED",IF(AND(G29>7,OR(E29="Stage 2",E29="Stage 3",E29="Stage 4")),"🟡 WATCH","—")))
G30: =IF(F30="","",TODAY()-F30) | H30: =IF(OR(E30="Stage X",E30="Stage 6",E30="",F30=""),"—",IF(AND(G30>14,OR(E30="Stage 1",E30="Stage 2",E30="Stage 3",E30="Stage 4")),"🔴 AGED",IF(AND(G30>7,OR(E30="Stage 2",E30="Stage 3",E30="Stage 4")),"🟡 WATCH","—")))
G31: =IF(F31="","",TODAY()-F31) | H31: =IF(OR(E31="Stage X",E31="Stage 6",E31="",F31=""),"—",IF(AND(G31>14,OR(E31="Stage 1",E31="Stage 2",E31="Stage 3",E31="Stage 4")),"🔴 AGED",IF(AND(G31>7,OR(E31="Stage 2",E31="Stage 3",E31="Stage 4")),"🟡 WATCH","—")))
G32: =IF(F32="","",TODAY()-F32) | H32: =IF(OR(E32="Stage X",E32="Stage 6",E32="",F32=""),"—",IF(AND(G32>14,OR(E32="Stage 1",E32="Stage 2",E32="Stage 3",E32="Stage 4")),"🔴 AGED",IF(AND(G32>7,OR(E32="Stage 2",E32="Stage 3",E32="Stage 4")),"🟡 WATCH","—")))
G33: =IF(F33="","",TODAY()-F33) | H33: =IF(OR(E33="Stage X",E33="Stage 6",E33="",F33=""),"—",IF(AND(G33>14,OR(E33="Stage 1",E33="Stage 2",E33="Stage 3",E33="Stage 4")),"🔴 AGED",IF(AND(G33>7,OR(E33="Stage 2",E33="Stage 3",E33="Stage 4")),"🟡 WATCH","—")))
G34: =IF(F34="","",TODAY()-F34) | H34: =IF(OR(E34="Stage X",E34="Stage 6",E34="",F34=""),"—",IF(AND(G34>14,OR(E34="Stage 1",E34="Stage 2",E34="Stage 3",E34="Stage 4")),"🔴 AGED",IF(AND(G34>7,OR(E34="Stage 2",E34="Stage 3",E34="Stage 4")),"🟡 WATCH","—")))
G35: =IF(F35="","",TODAY()-F35) | H35: =IF(OR(E35="Stage X",E35="Stage 6",E35="",F35=""),"—",IF(AND(G35>14,OR(E35="Stage 1",E35="Stage 2",E35="Stage 3",E35="Stage 4")),"🔴 AGED",IF(AND(G35>7,OR(E35="Stage 2",E35="Stage 3",E35="Stage 4")),"🟡 WATCH","—")))
G36: =IF(F36="","",TODAY()-F36) | H36: =IF(OR(E36="Stage X",E36="Stage 6",E36="",F36=""),"—",IF(AND(G36>14,OR(E36="Stage 1",E36="Stage 2",E36="Stage 3",E36="Stage 4")),"🔴 AGED",IF(AND(G36>7,OR(E36="Stage 2",E36="Stage 3",E36="Stage 4")),"🟡 WATCH","—")))
G37: =IF(F37="","",TODAY()-F37) | H37: =IF(OR(E37="Stage X",E37="Stage 6",E37="",F37=""),"—",IF(AND(G37>14,OR(E37="Stage 1",E37="Stage 2",E37="Stage 3",E37="Stage 4")),"🔴 AGED",IF(AND(G37>7,OR(E37="Stage 2",E37="Stage 3",E37="Stage 4")),"🟡 WATCH","—")))
G38: =IF(F38="","",TODAY()-F38) | H38: =IF(OR(E38="Stage X",E38="Stage 6",E38="",F38=""),"—",IF(AND(G38>14,OR(E38="Stage 1",E38="Stage 2",E38="Stage 3",E38="Stage 4")),"🔴 AGED",IF(AND(G38>7,OR(E38="Stage 2",E38="Stage 3",E38="Stage 4")),"🟡 WATCH","—")))
G39: =IF(F39="","",TODAY()-F39) | H39: =IF(OR(E39="Stage X",E39="Stage 6",E39="",F39=""),"—",IF(AND(G39>14,OR(E39="Stage 1",E39="Stage 2",E39="Stage 3",E39="Stage 4")),"🔴 AGED",IF(AND(G39>7,OR(E39="Stage 2",E39="Stage 3",E39="Stage 4")),"🟡 WATCH","—")))
G40: =IF(F40="","",TODAY()-F40) | H40: =IF(OR(E40="Stage X",E40="Stage 6",E40="",F40=""),"—",IF(AND(G40>14,OR(E40="Stage 1",E40="Stage 2",E40="Stage 3",E40="Stage 4")),"🔴 AGED",IF(AND(G40>7,OR(E40="Stage 2",E40="Stage 3",E40="Stage 4")),"🟡 WATCH","—")))
... G200: =IF(F200="","",TODAY()-F200) | H200: =IF(OR(E200="Stage X",E200="Stage 6",E200="",F200=""),"—",IF(AND(G200>14,OR(E200="Stage 1",E200="Stage 2",E200="Stage 3",E200="Stage 4")),"🔴 AGED",IF(AND(G200>7,OR(E200="Stage 2",E200="Stage 3",E200="Stage 4")),"🟡 WATCH","—")))

Sheet LOI
A1: TAJRIBTI · LOI TRACKER · Track 0
A2: LOIs Issued: | B2: =COUNTA(A5:A500) | C2: LOIs Signed: | D2: =COUNTIF(I5:I500,"✅ Signed") | E2: LOIs Declined: | F2: =COUNTIF(I5:I500,"❌ Declined") | G2: Pending: | H2: =COUNTIF(I5:I500,"❌ Not yet")+COUNTIF(I5:I500,"🔄 Negotiating") | I2: Pilots Signed: | J2: =COUNTIF(K5:K500,"✅ Signed") | K2: Conversion Rate: | L2: =IFERROR(TEXT(D2/B2,"0%"),"—") | M2: Overdue Follow-up: | N2: =COUNTIFS(I5:I500,"❌ Not yet",Q5:Q500,">"&5)
A4: LOI ID | B4: Account ID | C4: Company Name | D4: Contact Receiving LOI | E4: LOI Type | F4: LOI Issued Date | G4: LOI Version | H4: Commercial Terms Summary | I4: Brand Countersigned? | J4: Countersigned Date | K4: Pilot Agreement Executed? | L4: Pilot Agreement Date | M4: Pilot Campaign Type | N4: Estimated Campaign Value | O4: Pilot Start Date (Planned) | P4: Notes | Q4: Days Since Issued | R4: Follow-up Due?
Q5: =IF(F5="","",TODAY()-F5) | R5: =IF(OR(F5="",I5="✅ Signed",I5="❌ Declined"),"—",IF(AND(Q5>5,I5="❌ Not yet"),"🔴 FOLLOW UP NOW",IF(AND(Q5>14,I5="🔄 Negotiating"),"🔴 STALLING",IF(AND(Q5>=3,Q5<=5,I5="❌ Not yet"),"🟡 DUE SOON","—"))))
Q6: =IF(F6="","",TODAY()-F6) | R6: =IF(OR(F6="",I6="✅ Signed",I6="❌ Declined"),"—",IF(AND(Q6>5,I6="❌ Not yet"),"🔴 FOLLOW UP NOW",IF(AND(Q6>14,I6="🔄 Negotiating"),"🔴 STALLING",IF(AND(Q6>=3,Q6<=5,I6="❌ Not yet"),"🟡 DUE SOON","—"))))
Q7: =IF(F7="","",TODAY()-F7) | R7: =IF(OR(F7="",I7="✅ Signed",I7="❌ Declined"),"—",IF(AND(Q7>5,I7="❌ Not yet"),"🔴 FOLLOW UP NOW",IF(AND(Q7>14,I7="🔄 Negotiating"),"🔴 STALLING",IF(AND(Q7>=3,Q7<=5,I7="❌ Not yet"),"🟡 DUE SOON","—"))))
Q8: =IF(F8="","",TODAY()-F8) | R8: =IF(OR(F8="",I8="✅ Signed",I8="❌ Declined"),"—",IF(AND(Q8>5,I8="❌ Not yet"),"🔴 FOLLOW UP NOW",IF(AND(Q8>14,I8="🔄 Negotiating"),"🔴 STALLING",IF(AND(Q8>=3,Q8<=5,I8="❌ Not yet"),"🟡 DUE SOON","—"))))
Q9: =IF(F9="","",TODAY()-F9) | R9: =IF(OR(F9="",I9="✅ Signed",I9="❌ Declined"),"—",IF(AND(Q9>5,I9="❌ Not yet"),"🔴 FOLLOW UP NOW",IF(AND(Q9>14,I9="🔄 Negotiating"),"🔴 STALLING",IF(AND(Q9>=3,Q9<=5,I9="❌ Not yet"),"🟡 DUE SOON","—"))))
Q10: =IF(F10="","",TODAY()-F10) | R10: =IF(OR(F10="",I10="✅ Signed",I10="❌ Declined"),"—",IF(AND(Q10>5,I10="❌ Not yet"),"🔴 FOLLOW UP NOW",IF(AND(Q10>14,I10="🔄 Negotiating"),"🔴 STALLING",IF(AND(Q10>=3,Q10<=5,I10="❌ Not yet"),"🟡 DUE SOON","—"))))
Q11: =IF(F11="","",TODAY()-F11) | R11: =IF(OR(F11="",I11="✅ Signed",I11="❌ Declined"),"—",IF(AND(Q11>5,I11="❌ Not yet"),"🔴 FOLLOW UP NOW",IF(AND(Q11>14,I11="🔄 Negotiating"),"🔴 STALLING",IF(AND(Q11>=3,Q11<=5,I11="❌ Not yet"),"🟡 DUE SOON","—"))))
Q12: =IF(F12="","",TODAY()-F12) | R12: =IF(OR(F12="",I12="✅ Signed",I12="❌ Declined"),"—",IF(AND(Q12>5,I12="❌ Not yet"),"🔴 FOLLOW UP NOW",IF(AND(Q12>14,I12="🔄 Negotiating"),"🔴 STALLING",IF(AND(Q12>=3,Q12<=5,I12="❌ Not yet"),"🟡 DUE SOON","—"))))
Q13: =IF(F13="","",TODAY()-F13) | R13: =IF(OR(F13="",I13="✅ Signed",I13="❌ Declined"),"—",IF(AND(Q13>5,I13="❌ Not yet"),"🔴 FOLLOW UP NOW",IF(AND(Q13>14,I13="🔄 Negotiating"),"🔴 STALLING",IF(AND(Q13>=3,Q13<=5,I13="❌ Not yet"),"🟡 DUE SOON","—"))))
Q14: =IF(F14="","",TODAY()-F14) | R14: =IF(OR(F14="",I14="✅ Signed",I14="❌ Declined"),"—",IF(AND(Q14>5,I14="❌ Not yet"),"🔴 FOLLOW UP NOW",IF(AND(Q14>14,I14="🔄 Negotiating"),"🔴 STALLING",IF(AND(Q14>=3,Q14<=5,I14="❌ Not yet"),"🟡 DUE SOON","—"))))
Q15: =IF(F15="","",TODAY()-F15) | R15: =IF(OR(F15="",I15="✅ Signed",I15="❌ Declined"),"—",IF(AND(Q15>5,I15="❌ Not yet"),"🔴 FOLLOW UP NOW",IF(AND(Q15>14,I15="🔄 Negotiating"),"🔴 STALLING",IF(AND(Q15>=3,Q15<=5,I15="❌ Not yet"),"🟡 DUE SOON","—"))))
Q16: =IF(F16="","",TODAY()-F16) | R16: =IF(OR(F16="",I16="✅ Signed",I16="❌ Declined"),"—",IF(AND(Q16>5,I16="❌ Not yet"),"🔴 FOLLOW UP NOW",IF(AND(Q16>14,I16="🔄 Negotiating"),"🔴 STALLING",IF(AND(Q16>=3,Q16<=5,I16="❌ Not yet"),"🟡 DUE SOON","—"))))
... Q200: =IF(F200="","",TODAY()-F200) | R200: =IF(OR(F200="",I200="✅ Signed",I200="❌ Declined"),"—",IF(AND(Q200>5,I200="❌ Not yet"),"🔴 FOLLOW UP NOW",IF(AND(Q200>14,I200="🔄 Negotiating"),"🔴 STALLING",IF(AND(Q200>=3,Q200<=5,I200="❌ Not yet"),"🟡 DUE SOON","—"))))

Sheet Calendar
A1: TAJRIBTI · EXECUTION CALENDAR · 60-Day Track 0 | J1: DAILY EXECUTION LOG
A2: Sprint GO Date: | B2: =Dashboard!A2 | C2: Current Day: | D2: =TODAY()-Dashboard!A2+1
A3: Week # | B3: Date Range | C3: Week Objective | D3: Milestone | E3: Task # | F3: Task Description | G3: Owner | H3: Status | J3: Week # | K3: Day | L3: Date | M3: Focus Area | N3: Scheduled Actions | O3: Completed? | P3: Notes
A4: 1 | B4: ="Days 1–7: "&TEXT(Dashboard!$A$2,"d mmm")&"–"&TEXT(Dashboard!$A$2+6,"d mmm") | C4: System armed and first outreach wave launched | D4: ≥10 brand accounts contacted | I4: =IFERROR(COUNTIF(H5:H14,"✅ Done")/COUNTA(H5:H14),0) | J4: 1 | K4: Monday | L4: =Dashboard!A2 | M4: Brand outreach | O4: ❌ Not done
E5: 1 | F5: Populate CRM with Tier 1 target list (≥15 companies) | G5: Founder | H5: ❌ Not Started | J5: 1 | K5: Tuesday | L5: =L4+1 | M5: Brand outreach | O5: ❌ Not done
E6: 2 | F6: Assign Priority Tier 1/2/3 to all accounts | G6: Founder | H6: ❌ Not Started | J6: 1 | K6: Wednesday | L6: =L5+1 | M6: Follow-up | O6: ❌ Not done
E7: 3 | F7: Identify warm intro path for each Tier 1 account | G7: Founder | H7: ❌ Not Started | J7: 1 | K7: Thursday | L7: =L6+1 | M7: Discovery call | O7: ❌ Not done
E8: 4 | F8: Draft outreach message — LinkedIn version (3 sentences max) | G8: Founder | H8: ❌ Not Started | J8: 1 | K8: Friday | L8: =L7+1 | M8: Strategic review | O8: ❌ Not done
E9: 5 | F9: Draft outreach message — Email version (5 sentences max) | G9: Founder | H9: ❌ Not Started
E10: 6 | F10: Draft 1-page pitch teaser PDF | G10: Founder | H10: ❌ Not Started
E11: 7 | F11: Launch outreach: contact ≥10 Tier 1 accounts | G11: Founder | H11: ❌ Not Started
E12: 8 | F12: Log all outreach in CRM — same day | G12: Founder | H12: ❌ Not Started
E13: 9 | F13: Set up all 5 MEOS assets | G13: Founder | H13: ❌ Not Started
E14: 10 | F14: Fill Day 1 row in Founder Dashboard | G14: Founder | H14: ❌ Not Started
A16: ⛔ WEEKS 2–9 BLOCKED — Source document MEOS_v1.md not available. Ref: Production Spec Asset 5 Calendar Section 7. Populate when source document is received.
